{
  "model/models-dbg.js": 1666193139423,
  "manifest.json": 1669128245691,
  "utils/locate-reuse-libs.js": 1666193139419,
  "model/models.js": 1666193139423,
  "controller/View1.controller.js": 1666356899496,
  "controller/App.controller.js": 1666193139431,
  "Component.js": 1669116873046,
  "Component-preload.js": 1669128246119,
  "controller/App-dbg.controller.js": 1666193139431,
  "i18n/i18n.properties": 1669116909634,
  "controller/View1-dbg.controller.js": 1666356899496,
  "utils/locate-reuse-libs-dbg.js": 1666193139419,
  "Component-dbg.js": 1669116873046,
  "view/View1.view.xml": 1669120048865,
  "view/App.view.xml": 1669120032172,
  "css/style.css": 1666193139431,
  "index.html": 1669120663523
}